accuracy,precision,recall,f1_score
0.5928,0.11534276387377584,0.3408360128617363,0.17235772357723575
